,agreement_value,year
146785,97850,2007
117680,18985,2018
140469,136000,2009
118100,3797,2018
150722,3797,2018
188974,199729,2019
150754,6720,2018
121469,7973,2018
188735,8860,2019
157838,0,2018
145538,88651,2010
150676,6720,2018
122822,15900,2018
122696,6720,2018
157915,0,2018
122825,6720,2018
146928,324500,2006
150466,7350,2018
143115,1404150,2009
188736,8860,2019
142942,7532,2018
150751,5040,2018
143116,52150,2009
188988,99750,2019
147215,63500,2008
156208,0,2018
149499,45003,2016
150363,469988,2016
150469,3332,2018
150719,30632,2018
157913,0,2018
138267,30442,2013
150752,7594,2018
122032,3797,2018
187480,3071280,2019
150715,7594,2018
138264,54090,2013
149491,35595,2016
150708,7594,2018
136066,1141570,2011
145579,69250,2012
138266,31832,2013
188875,509346,2019
150713,18984,2018
146784,77250,2007
149877,30510,2016
157898,0,2018
139019,268696,2008
136369,395614,2007
147306,45564,2006
149506,75392,2016
138296,25543,2013
147012,374430,2008
121421,4366,2018
137797,78082,2013
157844,0,2018
122987,91851,2018
138503,470159,2013
155918,0,2018
138506,675749,2013
147007,585000,2008
150672,4271,2018
157839,0,2018
147008,581810,2008
144876,59987,2010
149488,34071,2016
146787,143623,2007
150696,7594,2018
150670,8400,2018
144841,394032,2010
150753,7594,2018
106518,3797,2018
138650,391053,2013
142340,36309,2009
123262,2848,2018
138507,344371,2013
147583,299999,2006
138137,29988,2013
142652,364369,2009
132354,44330,2006
150673,7594,2018
132296,40920,2006
121273,3360,2018
149497,40500,2016
149496,45900,2016
149525,25224,2016
150468,30124,2018
141536,250000,2012
132355,29295,2006
127571,22781,2018
142017,1949991,2009
146168,2860692,2006
149524,29448,2016
135209,910196,2010
150654,25581,2018
143553,3766,2018
138121,25857,2013
150463,3766,2018
144282,7594,2018
122915,3360,2018
132353,37200,2006
149523,31148,2016
117975,3360,2018
135189,41879,2010
123562,3514,2018
146244,118450,2007
133989,330512,2006
138127,25175,2013
121294,15188,2018
188774,1960,2019
149526,35596,2016
150464,11298,2018
146239,536867,2006
143157,1716623,2009
146929,465805,2006
143821,28393,2012
133815,193201,2006
145940,1379528,2006
150467,19992,2018
149529,28480,2016
146198,1230298,2006
142016,1440000,2009
150733,7594,2018
132321,26505,2006
150648,11074,2018
122985,3360,2018
150646,19078,2018
140040,54460,2008
150655,10962,2018
188064,8822,2019
141989,161550,2009
125683,7280,2018
122875,7594,2018
132343,40467,2006
141630,96137,2012
147211,1424671,2008
132337,42160,2006
145661,481427,2012
159840,98800,2019
132356,29760,2006
148777,434482,2015
144240,15061,2018
132190,164431,2006
157886,0,2018
149521,55128,2016
133814,696541,2006
122826,11391,2018
121436,7594,2018
122014,45563,2018
138077,48799,2013
146164,968987,2006
150645,9539,2018
118124,7594,2018
188880,12347673,2019
123021,6720,2018
139810,145000,2008
150462,7532,2018
145056,300367,2010
149537,32036,2016
125691,20883,2018
143147,1000000,2009
143239,87260,2012
122842,1680,2018
150635,11391,2018
150634,7594,2018
140150,98520,2008
188739,94682,2019
142690,10000000,2009
188740,94682,2019
150630,25629,2018
140285,1484136,2009
122921,1680,2018
150811,3360,2018
148900,343389,2016
150164,38647,2016
189452,90309,2019
118299,3797,2018
189450,81949,2019
150777,3797,2018
157997,0,2018
122042,10821,2018
159841,185089,2019
150776,15187,2018
146594,142000,2007
150475,3766,2018
122806,3797,2018
139285,41850,2008
150774,13440,2018
137831,59570,2013
122456,8400,2018
122136,2848,2018
117753,3360,2018
188763,1194410,2019
122474,3797,2018
137778,87517,2013
138170,44723,2013
188762,1194410,2019
147198,144115,2008
188885,535467,2019
150161,39222,2016
149556,28605,2016
139284,40204,2008
142021,300000,2009
122482,3797,2018
141706,97239,2012
148904,414229,2016
143240,55838,2012
100443,199263,2018
127706,12339,2018
138142,31505,2013
134049,222206,2007
150168,27588,2016
138276,76178,2013
136389,203713,2007
157985,0,2018
148905,483985,2016
150473,1666,2018
138233,26753,2013
146765,978966,2007
122381,10080,2018
136390,231299,2007
147026,200000,2008
147208,283436,2008
158004,0,2018
150780,7594,2018
122396,1680,2018
121964,22148,2018
139282,27399,2008
150474,4998,2018
150797,3797,2018
139283,35658,2008
143110,34315,2009
138146,30113,2013
157983,0,2018
118091,15662,2018
143108,1405848,2009
122747,5933,2018
122729,3797,2018
122728,14238,2018
150787,1680,2018
150477,7532,2018
150483,3766,2018
150808,37968,2018
150817,40320,2018
158027,0,2018
146673,178644,2007
150482,3766,2018
132154,495525,2006
153279,141397,2019
150481,30128,2018
143246,87419,2012
146858,69463,2007
159321,1212955,2018
185839,745000,2019
150816,15188,2018
185838,400886,2019
150478,7532,2018
138525,1997568,2013
152956,100000,2019
122146,16800,2018
188053,8822,2019
150479,1666,2018
106724,26578,2018
150805,15188,2018
147200,166600,2008
122141,11391,2018
158032,0,2018
147195,117595,2008
138211,30858,2013
122433,5040,2018
138202,25691,2013
150768,37968,2018
150460,13328,2018
150767,1680,2018
150492,14994,2018
150490,3332,2018
122595,7594,2018
127835,11391,2018
146851,91900,2007
150488,30128,2018
138829,60000,2008
150764,5040,2018
138178,26650,2013
150803,11391,2018
146704,178644,2007
150763,2520,2018
122101,2848,2018
150485,7532,2018
122741,3360,2018
187957,9555,2019
184159,3686,2019
146650,176000,2007
153184,5328002,2019
142332,35549,2009
188843,845339,2019
100440,1500000,2017
122768,18984,2018
127556,7594,2018
106517,3797,2018
150454,3332,2018
157824,0,2018
150839,11390,2018
138295,30871,2013
150835,3797,2018
100433,4185441,2018
153302,281886,2019
147234,365000,2008
148901,340065,2016
104918,5040,2018
152622,8292,2019
188962,3955427,2019
142689,5000000,2009
138294,36747,2013
144814,50000,2010
157847,0,2018
142688,45000000,2009
153311,238560,2019
138293,25126,2013
153300,219715,2019
150450,15062,2018
142687,1575172,2009
150448,11298,2018
150828,3797,2018
122553,26578,2018
150447,3766,2018
152466,898938,2018
143150,720078,2009
150843,8496,2018
141505,50000,2012
125720,26579,2018
150455,7531,2018
150848,11391,2018
153327,115331,2019
188168,8822,2019
188775,1960,2019
147122,94000,2008
122086,14750,2018
188778,44296,2019
188779,44296,2019
153321,411283,2019
122622,11390,2018
150847,15187,2018
153340,126477,2019
157836,0,2018
153230,1177879,2019
153330,319519,2019
134872,145512,2010
127562,7119,2018
146294,842616,2006
157831,0,2018
150844,9112,2018
122642,3797,2018
137788,81303,2013
153334,659419,2019
159342,2113014,2018
150470,11298,2018
157827,0,2018
132374,26040,2006
150826,8496,2018
157867,0,2018
121934,3360,2018
159312,551206,2018
143732,27335,2012
122408,4430,2018
157851,0,2018
150864,3360,2018
121959,11391,2018
136341,203069,2007
117693,3797,2018
149015,386116,2016
157936,0,2018
159323,1005101,2018
122786,18985,2018
122852,3360,2018
122851,3360,2018
122849,5040,2018
144836,99017,2010
137781,95118,2013
122772,6720,2018
146932,40000,2006
150860,3360,2018
127557,26546,2018
150821,5040,2018
142339,36184,2009
150792,5040,2018
158017,0,2018
149014,343543,2016
153248,467487,2019
157854,0,2018
150870,53156,2018
138141,40683,2013
150446,7532,2018
150825,8970,2018
153313,351902,2019
157970,0,2018
132383,28016,2006
106565,7594,2018
138289,80379,2013
150851,25027,2018
153356,450328,2019
132384,31474,2006
146550,1153992,2006
149514,28476,2016
121935,5175,2018
153342,49077,2019
122631,5040,2018
157860,0,2018
122705,15188,2018
122785,3797,2018
150880,3360,2018
157976,0,2018
157857,0,2018
153252,371620,2019
122559,11128,2018
185832,535620,2019
150876,5040,2018
122565,3797,2018
150875,3797,2018
143758,30408,2012
150881,3360,2018
150802,7594,2018
139356,28064,2008
149391,27000,2016
149990,26697,2016
120729,3797,2018
127602,3797,2018
127622,3797,2018
149985,25200,2016
154261,123548447,2019
135372,329391,2010
143721,26850,2012
144162,234864,2012
149462,61020,2016
152742,96307,2019
149943,27000,2016
152743,91325,2019
120807,3797,2018
123623,4295,2018
144154,179808,2012
135211,51889167,2011
159043,0,2018
159044,0,2018
159047,0,2018
124650,3360,2018
159051,0,2018
149905,28884,2016
145094,25020,2010
105560,30120,2018
145091,37002,2010
145087,40139,2010
145137,33111,2010
124662,3797,2018
149904,49834,2016
120802,11391,2018
127605,10080,2018
184070,4411,2019
137045,135099,2007
137017,99711,2007
132853,78400,2014
141789,31252,2012
132854,77760,2014
127617,3797,2018
119906,11760,2018
139411,31500,2008
127612,5040,2018
117438,7594,2018
127611,18985,2018
118012,18984,2018
124942,6720,2018
142371,39900,2009
120775,3797,2018
144069,449250,2012
132856,1589303,2014
144070,132183,2012
149998,40048,2016
144072,96993,2012
120750,2848,2018
120753,11390,2018
124947,45564,2018
124945,3797,2018
139409,27676,2008
141690,303516,2012
149993,127507,2016
124949,65748,2018
159065,0,2018
152461,7994062,2018
149903,30510,2016
159083,0,2018
120960,3360,2018
192939,6829,2019
120968,18985,2018
120971,11391,2018
159095,0,2018
124584,10964,2018
124608,2471,2018
149478,61020,2016
158447,0,2018
124633,16800,2018
120977,5040,2018
149908,28476,2016
159082,0,2018
149909,27459,2016
143705,630000,2012
140769,3332,2018
147723,396754,2015
143644,43500,2012
139438,34386,2008
150623,18985,2018
121044,4221,2018
124768,3797,2018
149709,25595,2016
139437,42302,2008
121047,7594,2018
158422,0,2018
132229,27900,2006
124620,10080,2018
159080,0,2018
149477,36612,2016
159073,0,2018
149902,57664,2016
145114,78567,2010
124647,6720,2018
159304,1858207,2018
159040,0,2018
120728,30374,2018
152605,235608,2019
159030,0,2018
192831,3486,2019
124664,7594,2018
137028,273236,2007
132758,1199480,2014
123328,3360,2018
149894,53394,2016
145082,25543,2010
137566,280393,2008
159110,0,2018
146223,86481945,2014
159113,0,2018
145069,30704,2010
145065,29185,2010
149476,54918,2016
145061,41820,2010
137582,491457,2008
142326,35216,2009
185860,3841,2019
141691,67440,2012
144124,98887,2012
144125,288616,2012
127687,26578,2018
127678,25629,2018
127693,3360,2018
144101,95337,2012
120008,3797,2018
119966,10080,2018
144277,39500,2009
119955,3797,2018
159006,0,2018
119956,7594,2018
119957,7594,2018
119958,7594,2018
119960,68344,2018
119964,13440,2018
119967,6720,2018
142367,39571,2009
149369,37350,2016
159001,0,2018
119968,2640,2018
119972,7594,2018
119974,11390,2018
119976,3797,2018
119977,7594,2018
158964,0,2018
106670,11390,2018
149370,25200,2016
135473,2666820,2011
137612,269483,2008
146177,4444700,2014
123592,2946,2018
158977,0,2018
144292,553492,2010
119971,11391,2018
123593,3797,2018
132273,27662,2006
120006,15188,2018
150536,3332,2018
150535,8330,2018
105600,22781,2018
143700,675000,2012
119994,15187,2018
119983,72140,2018
124849,7594,2018
150531,7532,2018
150530,3332,2018
119984,15187,2018
119985,13916,2018
119986,6720,2018
158919,0,2018
119987,7594,2018
119988,3797,2018
119990,23520,2018
124846,3451,2018
119991,13440,2018
144241,50000,2009
119992,6720,2018
150528,3766,2018
119993,16800,2018
119996,7594,2018
120001,3797,2018
120002,7594,2018
120003,3797,2018
120004,7594,2018
158997,0,2018
120005,3797,2018
158966,0,2018
137821,80673,2013
120056,3797,2018
132390,272953,2006
149953,63000,2016
158832,0,2018
158862,0,2018
119938,11391,2018
150278,468640,2016
137585,486210,2008
119931,11391,2018
119933,7594,2018
119937,30376,2018
119941,6720,2018
119942,2520,2018
119944,25249,2018
119945,3797,2018
119951,15187,2018
137052,589659,2007
149381,53393,2016
119946,7594,2018
127695,15187,2018
184916,124171697,2019
137584,486210,2008
119949,11391,2018
119950,15187,2018
158857,0,2018
137583,452832,2008
108061,8734,2018
159012,0,2018
152772,99251,2019
147494,97317,2006
152770,100000,2019
119862,1680,2018
132263,34720,2006
119856,11391,2018
120022,15188,2018
120012,15624,2018
120013,11390,2018
120014,11391,2018
120015,14238,2018
120016,7594,2018
120017,7594,2018
137138,409486,2007
158774,0,2018
120034,6720,2018
119954,15188,2018
119952,13440,2018
143697,158790,2012
119875,22781,2018
158786,0,2018
143696,600000,2012
144256,50000,2009
158793,0,2018
119869,3360,2018
127597,22750,2018
106690,7594,2018
125382,3797,2018
144265,36940,2009
135371,204800,2010
137053,855283,2007
158870,0,2018
119846,22781,2018
150280,498691,2016
125386,7594,2018
120057,5521,2018
132228,31698,2006
124764,5696,2018
123361,11391,2018
150074,63000,2016
117403,30375,2018
125222,15188,2018
125228,1680,2018
147175,50000,2008
141495,50000,2012
125601,7594,2018
125248,1680,2018
139326,32748,2008
147177,49635,2008
147178,50000,2008
158573,0,2018
150036,42715,2016
105493,16327,2018
132927,418510,2014
147179,49387,2008
125201,22782,2018
150035,27000,2016
125587,22782,2018
147172,50000,2008
105775,26579,2018
139324,45217,2008
158588,0,2018
147044,49999,2008
125631,22782,2018
125628,7594,2018
135942,99791,2011
150030,56700,2016
125196,3322,2018
142282,31635,2009
125215,7594,2018
134328,155451,2007
142450,65893,2009
139615,30705,2008
153616,866243,2019
150126,35596,2016
145302,29622,2010
150125,58580,2016
149659,27459,2016
134332,282458,2007
145287,26873,2010
149655,51867,2016
149653,37800,2016
149652,26579,2016
143577,1800841,2010
100426,335992,2017
133798,444997,2006
142318,34280,2009
125165,1680,2018
125167,3360,2018
125326,6720,2018
125172,3360,2018
125174,2100,2018
125125,11391,2018
133009,336857,2014
125290,9966,2018
143767,96731,2010
117569,11391,2018
150112,29088,2016
125245,11391,2018
125243,6720,2018
150029,81000,2016
158680,0,2018
125622,18984,2018
150028,30510,2016
117557,7594,2018
147161,50000,2008
139457,27558,2008
158607,0,2018
125563,3797,2018
139532,29964,2008
158613,0,2018
139531,28066,2008
125558,3797,2018
139458,28350,2008
125557,11391,2018
139595,37109,2008
139460,46200,2008
139727,90420,2008
139580,28090,2008
139560,29483,2008
139568,35000,2008
139567,34277,2008
139461,46200,2008
146806,31900,2007
150438,835705,2018
139482,36640,2008
139605,25040,2008
150054,54918,2016
139376,7532,2018
146829,48480,2007
150437,3338254,2018
143773,101492,2010
125566,1680,2018
150070,32036,2016
125234,3797,2018
139483,51188,2008
156090,0,2018
125267,3797,2018
125616,3797,2018
125266,1680,2018
140265,6664,2018
149779,36612,2016
125621,3797,2018
150018,36042,2016
149852,97632,2016
146826,55486,2007
150016,30834,2016
125100,3360,2018
125549,7594,2018
135939,194324,2011
156025,0,2018
125118,1680,2018
149846,49836,2016
147168,50000,2008
125095,3797,2018
149774,61020,2016
142277,31006,2009
150012,28476,2016
158644,0,2018
125080,1680,2018
125580,26538,2018
139507,71724,2008
149771,39967,2016
150436,1851105,2018
125089,19744,2018
158539,0,2018
119679,19932,2018
143793,43435,2012
145260,26064,2010
124749,5695,2018
120922,15188,2018
120658,3797,2018
158497,0,2018
141779,89049,2012
149739,44941,2016
134322,147323,2007
186114,3415,2019
158332,0,2018
120643,3360,2018
124797,7594,2018
120641,3360,2018
120673,3797,2018
124751,3797,2018
149920,62272,2016
149918,37375,2016
149725,39155,2016
100516,11391,2018
100511,11390,2018
145371,36696,2010
145367,26760,2010
145366,28668,2010
152642,32128,2019
152475,131940,2018
145401,54240,2010
149715,35595,2016
124790,6720,2018
145394,34055,2010
142291,31920,2009
158490,0,2018
123272,15504,2018
152482,23511,2018
149698,99667,2016
152608,16705,2019
123355,13440,2018
149925,25223,2016
158436,0,2018
120877,25629,2018
143606,42739,2012
148838,452887,2016
120886,1680,2018
149911,45284,2016
152696,65000,2019
142457,71820,2009
105539,7594,2018
120859,12150,2018
158517,0,2018
158520,0,2018
105595,3797,2018
120867,7594,2018
120927,2848,2018
158526,0,2018
152667,57856,2019
123359,3797,2018
142454,69510,2009
120902,22781,2018
158476,0,2018
120903,1080,2018
148834,586398,2016
120905,1440,2018
158485,0,2018
132176,57199,2006
145259,35675,2010
145364,44721,2010
150006,30510,2016
145181,37339,2010
149788,27000,2016
145180,45683,2010
135990,99939,2011
145173,27676,2010
145172,25392,2010
145331,33308,2010
145330,30856,2010
145328,50963,2010
145323,29190,2010
145316,26768,2010
148688,9957582,2015
156015,0,2018
158369,0,2018
125308,5040,2018
149673,49795,2016
125307,3360,2018
143562,59091,2012
135361,180075,2010
145346,25485,2010
138984,1666,2018
125304,2520,2018
158666,0,2018
145266,33012,2010
125293,3360,2018
142285,31736,2009
145261,30115,2010
158675,0,2018
145354,87148,2010
148180,7723369,2015
158379,0,2018
123413,4725,2018
149641,35598,2016
105528,3797,2018
100594,27720,2018
124715,10080,2018
143592,50000,2012
120598,11391,2018
124701,3797,2018
123463,3709,2018
158396,0,2018
120570,22781,2018
137534,270290,2008
156127,0,2018
145365,27799,2010
137535,278592,2008
124699,6644,2018
123427,9492,2018
149008,216886,2016
145212,40770,2010
124694,15188,2018
145203,69497,2010
145202,39091,2010
132992,455447,2014
158363,0,2018
145158,26596,2010
150622,11391,2018
145146,30578,2010
137536,383196,2008
135992,136904,2011
143812,29328,2012
124785,7594,2018
137586,452832,2008
189322,16800,2019
150537,3766,2018
152710,45221,2019
150568,3766,2018
138733,91277,2013
138014,489640,2013
122261,3797,2018
138021,579654,2013
189728,0,2019
189729,0,2019
169045,3095,2019
122224,7594,2018
138573,25541,2013
188867,230000,2019
152568,299263,2018
140126,95628,2008
169044,3095,2019
122219,16452,2018
122221,3797,2018
122223,15188,2018
138576,26686,2013
122228,73920,2018
169043,3055,2019
122229,26880,2018
127582,15188,2018
157513,0,2018
138578,34192,2013
188770,210500,2019
169042,9356,2019
188771,210500,2019
188863,500000,2019
189676,0,2019
189685,0,2019
138033,99673,2013
138570,64979,2013
122210,8732,2018
138738,134788,2013
122158,7594,2018
138571,37535,2013
138750,450280,2013
189664,0,2019
122161,7594,2018
122163,3797,2018
153162,720000,2019
153142,500000,2019
189665,0,2019
122165,3360,2018
158158,0,2018
153148,768000,2019
122166,17798,2018
122169,3797,2018
127576,11391,2018
150573,7532,2018
150572,13328,2018
122175,7594,2018
151550,3450,2018
150571,4998,2018
122179,7594,2018
145581,76728,2012
189677,0,2019
189684,0,2019
150569,30123,2018
158126,0,2018
169041,6238,2019
189692,0,2019
150564,1666,2018
189916,0,2019
190067,0,2019
190068,0,2019
190069,0,2019
142374,40326,2009
138580,25126,2013
150618,35438,2018
150617,47460,2018
190164,0,2019
190165,0,2019
143942,34285,2012
143940,76773,2012
138566,25703,2013
144058,388094,2012
190066,0,2019
125773,15188,2018
146554,4308908,2006
120259,14951,2018
149409,28476,2016
190111,0,2019
190114,0,2019
169046,3095,2019
152626,30800,2019
190115,0,2019
135453,354991,2010
123513,6901,2018
138562,32421,2013
190132,0,2019
157542,0,2018
190110,0,2019
138587,53326,2013
169034,3852,2019
137190,391173,2007
190078,0,2019
138005,479547,2013
120204,4366,2018
190079,0,2019
152970,7657,2019
120210,3360,2018
137700,649991,2013
153139,123979,2019
188961,341385,2019
169039,3870,2019
169038,10274,2019
190046,0,2019
157482,0,2018
190047,0,2019
153132,150235,2019
169037,6190,2019
138579,37081,2013
188853,216500,2019
188852,734805,2019
150561,6664,2018
138582,42277,2013
138583,33638,2013
188849,131263,2019
153136,139881,2019
169036,1656,2019
106737,15187,2018
141548,500000,2012
169035,1472,2019
156003,0,2018
169040,6110,2019
145618,287584,2012
122208,11390,2018
150329,556333,2016
143979,26640,2012
153218,95500,2019
189903,0,2019
189904,0,2019
189905,0,2019
189906,0,2019
153228,82286,2019
189907,0,2019
153226,1161450,2019
146961,300000,2007
136432,163112,2007
189908,0,2019
117981,7594,2018
189902,0,2019
189909,0,2019
137807,2845056,2013
189910,0,2019
133990,357323,2006
148808,5368617,2015
125393,18985,2018
189911,0,2019
135191,79465,2010
188872,3000000,2019
189899,0,2019
189866,0,2019
127586,5537,2018
138709,91054,2013
143970,38920,2012
146965,283222,2007
153208,95000,2019
150291,30124,2018
153207,250000,2019
138752,180000,2013
157891,0,2018
122309,2940,2018
123581,7594,2018
189844,0,2019
125677,34171,2018
189845,0,2019
105292,1680,2018
123572,7594,2018
122318,1680,2018
122296,7594,2018
150300,169794,2016
125791,3036,2018
159333,4000,2018
158229,0,2018
159330,5000,2018
145601,225000,2012
159329,5000,2018
159302,1778659,2018
149394,28477,2016
132972,59937,2014
123503,3450,2018
158186,0,2018
143976,30439,2012
149395,54918,2016
135717,315000,2011
153223,95000,2019
134252,45000,2007
189898,0,2019
153205,250000,2019
158080,0,2018
158264,0,2018
143943,26688,2012
189436,200000,2019
189697,0,2019
133366,109376,2015
143963,25483,2012
122268,7594,2018
143966,33091,2012
127579,11391,2018
143967,41328,2012
133365,283947,2015
122186,3797,2018
189693,0,2019
189709,0,2019
145586,748000,2012
189435,150000,2019
189710,0,2019
189711,0,2019
189712,0,2019
150577,7532,2018
189713,0,2019
122183,3797,2018
122198,30375,2018
122201,23255,2018
122203,3797,2018
150576,11298,2018
139734,96850,2008
158076,0,2018
189708,0,2019
145584,281537,2012
122190,11391,2018
150578,3876,2018
138047,405816,2013
189696,0,2019
125403,14238,2018
148704,2000000,2015
122367,3360,2018
146045,290322,2014
133941,473465,2006
189876,0,2019
146046,3000000,2014
125775,5304,2018
153183,400000,2019
153187,719000,2019
122329,4272,2018
158256,0,2018
153191,398000,2019
153192,500000,2019
189877,0,2019
189867,0,2019
143955,32880,2012
127581,3797,2018
133345,468459,2015
133351,235186,2015
137259,26366,2008
132969,134820,2014
143957,28170,2012
143958,25140,2012
158095,0,2018
143959,32896,2012
189434,271806,2019
142377,40628,2009
138569,29188,2013
127570,22782,2018
125679,30375,2018
190133,0,2019
148309,492287,2015
189036,4430,2019
189037,4430,2019
188846,1028000,2019
189040,11074,2019
189042,2848,2019
189043,34487,2019
140129,171568,2008
189046,13289,2019
150496,30128,2018
120348,7594,2018
157581,0,2018
150327,449334,2016
157583,0,2018
150499,1666,2018
150495,3766,2018
189054,4430,2019
189055,8860,2019
120364,3360,2018
189058,4430,2019
189060,13289,2019
143907,32320,2012
123682,5101,2018
140130,482049,2008
119771,3675,2018
123679,3451,2018
189563,3095,2019
149359,35598,2016
150525,20757,2018
189053,12656,2019
154247,6776231,2019
150501,4998,2018
151184,3047,2018
189015,31007,2019
148865,489990,2016
150507,11298,2018
189021,44807,2019
189022,7594,2019
148866,495342,2016
120286,7594,2018
117963,3797,2018
124817,7594,2018
117964,3797,2018
147320,89992,2006
150504,7532,2018
189029,12814,2019
148867,490871,2016
189030,13290,2019
143657,50000,2012
120334,44335,2018
150503,3332,2018
147319,97500,2006
188991,3780,2019
143890,31273,2012
143892,29595,2012
188993,22148,2019
188994,4430,2019
188996,8860,2019
169048,6164,2019
124815,79971,2018
120304,3360,2018
120305,6720,2018
150526,3766,2018
189013,8860,2019
189588,0,2019
189589,0,2019
188845,3367704,2019
189238,3920,2019
189240,1960,2019
146527,44220,2014
150547,3332,2018
189243,1960,2019
117449,3322,2018
146523,37556,2014
189251,1960,2019
150546,3766,2018
146516,41676,2014
146179,3031565,2014
150545,6664,2018
135525,1818939,2011
158936,0,2018
150541,3332,2018
150527,3766,2018
158938,0,2018
123613,1680,2018
123612,3360,2018
119710,13440,2018
123601,3797,2018
150540,1666,2018
135524,830238,2011
150539,3766,2018
158947,0,2018
143702,625000,2012
150538,15061,2018
150543,6664,2018
189256,3920,2019
119646,15663,2018
157663,0,2018
119735,15188,2018
157673,0,2018
150555,3332,2018
119740,7594,2018
189562,3830,2019
150554,3332,2018
119747,1680,2018
106653,18984,2018
144213,240469,2009
189597,0,2019
119813,7594,2018
189596,0,2019
189600,0,2019
189601,0,2019
144220,468465,2009
119836,6093,2018
119792,6645,2018
150551,3332,2018
144221,491472,2009
119794,3797,2018
119803,3360,2018
119804,5020,2018
150549,7532,2018
124852,3797,2018
189260,28350,2019
150275,408598,2016
189259,7840,2019
150274,264350,2016
119669,11390,2018
119731,11391,2018
142373,39993,2009
150508,26362,2018
189011,8860,2019
189917,0,2019
169047,3055,2019
189924,0,2019
189925,0,2019
137080,98559,2007
150269,316360,2016
120113,9598,2018
159305,993761,2018
105673,3797,2018
189980,0,2019
149385,39690,2016
143826,83397,2012
190013,0,2019
189977,0,2019
154266,8889400,2019
154265,6063130,2019
120080,6720,2018
125411,7594,2018
157430,0,2018
120087,86694,2018
190011,0,2019
189981,0,2019
134176,74952,2007
141726,95688,2012
117957,7530,2018
148781,455507,2015
148783,475683,2015
190010,0,2019
190012,0,2019
189976,0,2019
185874,581379,2019
143870,41975,2012
127513,4113,2018
117697,11391,2018
141375,98759,2011
157375,0,2018
152516,10461240,2019
152515,6686380,2019
125408,13720,2018
152514,7399481,2019
125347,1680,2018
141767,85678,2012
127512,41766,2018
140127,96386,2008
143137,328028,2009
142633,258939,2009
133947,447273,2006
193076,3000,2019
125410,7594,2018
120230,7594,2018
123591,7594,2018
150600,3864,2018
117954,71601,2018
150599,1680,2018
120245,3797,2018
143868,31970,2012
143869,25250,2012
189968,0,2019
152759,20315,2019
189969,0,2019
157348,0,2018
124900,29870,2018
189012,17718,2019
150559,16660,2018
189996,0,2019
120416,3360,2018
120419,18921,2018
120420,3797,2018
143923,37527,2012
189219,1960,2019
143924,54648,2012
189169,4778,2019
140128,99429,2008
142329,35380,2009
124823,18984,2018
143927,25883,2012
189192,1960,2019
120497,1680,2018
150515,6664,2018
143928,37527,2012
189186,9800,2019
150512,7532,2018
150511,18830,2018
124820,15187,2018
150509,1666,2018
143932,36658,2012
189224,23520,2019
120455,3360,2018
120457,3360,2018
143934,55598,2012
189005,31008,2019
120462,1680,2018
189009,4430,2019
120498,3797,2018
189215,1960,2019
150516,1666,2018
127505,11391,2018
189997,0,2019
137427,363107,2008
157415,0,2018
190004,0,2019
157419,0,2018
143849,44999,2012
190005,0,2019
189995,0,2019
157424,0,2018
148786,1189896,2015
159306,1421264,2018
117958,7562,2018
120143,7594,2018
123657,19933,2018
120425,6720,2018
150556,3332,2018
123651,3101,2018
143915,64865,2012
157749,0,2018
150522,26577,2018
120429,3360,2018
120438,20160,2018
132717,997464,2014
157726,0,2018
120402,11391,2018
120409,3797,2018
150518,1666,2018
143917,25541,2012
143918,37534,2012
189994,0,2019
157435,0,2018
142197,27736,2009
118251,3797,2018
115570,3360,2018
113608,15188,2018
144403,643371,2010
154121,25000,2019
153717,25000,2019
148996,28476,2016
128617,3360,2018
113269,47040,2018
113257,17640,2018
111785,6720,2018
128542,6720,2018
174875,6617,2019
152496,0,2018
100825,11391,2018
115574,3797,2018
153725,25000,2019
128531,15187,2018
128526,13440,2018
153726,25000,2019
113293,3797,2018
128574,45564,2018
111781,3360,2018
113288,23520,2018
113297,3797,2018
153751,18654,2019
134435,874685,2007
144400,193134,2010
138861,26271,2014
111773,15187,2018
113609,29899,2018
154127,4800,2019
102972,7594,2018
115882,11391,2018
113566,6692,2018
117870,10350,2018
111902,7594,2018
136132,457630,2011
141130,234121,2011
111893,22782,2018
145045,289372,2010
129809,7594,2018
145046,439645,2010
129806,11391,2018
118803,15188,2018
129803,3797,2018
117871,3450,2018
129802,77929,2018
129801,7594,2018
129798,3797,2018
129797,7594,2018
129796,24248,2018
129793,6720,2018
111733,3797,2018
104860,30240,2018
117875,6901,2018
122892,26182,2018
145047,438315,2010
113690,6720,2018
104856,2848,2018
129787,3797,2018
127130,15188,2018
128595,3360,2018
128591,1680,2018
113197,8606,2018
115547,4770,2018
113194,5764,2018
142174,26664,2009
102976,7594,2018
141098,307832,2011
154132,4500,2019
141097,488608,2011
119263,72139,2018
156843,0,2018
119265,1680,2018
142091,1790308,2009
113317,23520,2018
113347,15187,2018
134102,377819,2007
148244,50000,2015
128372,1680,2018
127352,11391,2018
150171,142384,2016
127213,9492,2018
153771,22680,2019
154226,5000,2019
113372,5040,2018
104840,5040,2018
141258,481528,2011
153755,24977,2019
127256,15188,2018
141094,472146,2011
125934,3360,2018
112127,7594,2018
153758,23550,2019
153761,25000,2019
128672,1680,2018
141255,381516,2011
113331,8234,2018
128682,3797,2018
127233,3797,2018
127230,5696,2018
144913,214918,2010
128743,3797,2018
128737,1680,2018
113406,13440,2018
119309,1680,2018
112102,9492,2018
128727,7846,2018
113402,37968,2018
179814,4411,2019
128691,5040,2018
103073,11391,2018
153778,25000,2019
129761,11391,2018
128656,3797,2018
138356,96091,2013
102996,22781,2018
127227,45562,2018
125897,7594,2018
128638,5040,2018
128662,3360,2018
112058,6720,2018
153785,24240,2019
125895,3797,2018
118245,5695,2018
125906,17940,2018
133856,819553,2006
112070,18985,2018
102980,3797,2018
153779,18935,2019
137972,79408,2013
129763,3797,2018
129765,2830,2018
140806,39622,2011
103343,1680,2018
144586,49610,2010
140804,41328,2011
150283,615716,2016
127114,3360,2018
130032,3797,2018
103339,3797,2018
125893,22781,2018
130023,3797,2018
154159,25000,2019
103333,6720,2018
154161,25000,2019
103329,3360,2018
130013,1680,2018
142478,29994,2009
107058,2520,2018
103325,3360,2018
139937,250467,2008
125970,48599,2018
129717,3012,2018
147364,154825,2006
110542,13440,2018
110543,3797,2018
129728,3294,2018
103253,19934,2018
103251,6720,2018
134962,144942,2010
125961,7594,2018
140807,25020,2011
107070,5040,2018
115823,6720,2018
103292,3797,2018
138353,1474318,2013
136594,40102,2007
149041,32544,2016
136592,29425,2007
149038,42714,2016
115801,36544,2018
103309,3360,2018
110514,3797,2018
110515,6720,2018
149034,30510,2016
130088,1680,2018
142863,508733,2009
110531,10080,2018
140810,25831,2011
127116,23520,2018
140817,28354,2011
144583,29994,2010
140816,33309,2011
103891,11390,2018
140814,32802,2011
118900,1680,2018
103294,7594,2018
155450,23950,2019
149056,60520,2016
130074,3709,2018
156628,0,2018
140811,27664,2011
137965,70107,2013
140809,26409,2011
103324,11391,2018
147366,68160,2006
144421,41265,2010
140747,30860,2011
138345,269252,2013
148229,32500,2015
156816,0,2018
139935,200817,2008
141143,1400000,2011
147350,368406,2006
153734,25000,2019
184454,3160,2019
141250,666350,2011
141141,145800,2011
113537,6692,2018
127141,2730,2018
102948,6720,2018
136863,33441,2007
135085,323415,2010
129812,3797,2018
129777,26578,2018
141739,99129,2012
129776,3360,2018
113489,11865,2018
129774,20220,2018
111915,2848,2018
147156,205336,2008
111918,23730,2018
129770,3797,2018
129784,7594,2018
129768,7594,2018
136128,435305,2011
129766,11391,2018
113559,7594,2018
147349,2708374,2006
139936,226185,2008
141419,58834,2011
118822,17214,2018
156664,0,2018
107066,3797,2018
107061,67955,2018
129741,20250,2018
144590,197696,2010
149025,48600,2016
103281,4271,2018
103259,3797,2018
148222,50000,2015
103268,11391,2018
111850,3360,2018
129672,23520,2018
140776,44477,2011
129764,9365,2018
118356,5221,2018
125996,30058,2018
140775,85431,2011
138354,906717,2013
125995,7594,2018
154144,25000,2019
135732,75000,2011
141575,999348,2012
144410,495860,2009
129674,1680,2018
111865,15120,2018
129685,2946,2018
129683,2946,2018
135318,496914,2010
113514,7594,2018
118357,3797,2018
117938,7594,2018
128322,9967,2018
138836,44054,2014
101778,3360,2018
113921,1680,2018
129108,3797,2018
129105,18985,2018
136645,39952,2007
154215,3334,2019
129100,7594,2018
101768,10482,2018
113836,3294,2018
137655,46700,2013
118541,3322,2018
113830,1680,2018
153712,25000,2019
153709,15383,2019
137646,32999,2013
136447,26600,2007
141186,620014,2011
136450,97738,2007
146619,70220,2007
104053,3797,2018
142126,25392,2009
154221,5000,2019
136239,26657,2007
129130,7594,2018
129125,3797,2018
153696,23893,2019
129123,8306,2018
118563,1680,2018
129122,7594,2018
136644,29964,2007
137636,35026,2013
146568,1350000,2006
156384,0,2018
101782,3797,2018
116389,3360,2018
136577,37453,2007
154204,25000,2019
136580,44220,2007
142768,291717,2009
153713,25000,2019
111414,15188,2018
148809,747035,2015
184561,4411,2019
101742,3797,2018
137773,50000,2013
144352,64658,2010
136582,46817,2007
127364,98720,2018
113943,7594,2018
101731,3797,2018
119255,6720,2018
136583,58672,2007
148679,556575,2015
154940,25000,2019
129187,23254,2018
136584,67116,2007
129183,3797,2018
101722,11580,2018
136585,75264,2007
154209,5000,2019
126385,3797,2018
156624,0,2018
148806,345405,2015
136541,36117,2007
144342,99035,2010
138375,143299,2013
119232,3797,2018
153702,25000,2019
126225,3101,2018
111282,11391,2018
141865,498587,2009
140980,37527,2011
140979,45075,2011
140978,28152,2011
135429,44135,2010
112543,45180,2018
140977,37527,2011
101407,7594,2018
116037,4200,2018
111287,13440,2018
111290,60749,2018
128762,5040,2018
111603,15187,2018
137943,394485,2013
107018,7594,2018
163448,3984,2019
137957,98387,2013
144527,600000,2010
128792,3797,2018
128779,34171,2018
111572,13440,2018
128970,2520,2018
112471,11391,2018
148097,486419,2015
116062,10080,2018
148682,744932,2015
128840,17085,2018
126231,7594,2018
137134,3766,2018
141433,251252,2011
104050,3797,2018
119159,3797,2018
137869,1691901,2013
107825,3360,2018
144340,68746,2010
144339,67469,2010
107821,11770,2018
142124,25391,2009
128826,15188,2018
188825,600960,2019
128817,3797,2018
137870,433741,2012
136240,39950,2007
118558,15187,2018
141195,344383,2011
135439,93002,2010
104884,11296,2018
148095,444605,2015
146572,95000,2006
137012,18826,2018
163352,27883,2019
112523,3797,2018
137949,380232,2013
107809,15188,2018
154177,25000,2019
141190,250829,2011
153699,23250,2019
119230,26577,2018
128841,20160,2018
148681,674393,2015
111396,16772,2018
113749,3450,2018
104632,3360,2018
128471,3360,2018
128470,3360,2018
132838,40000,2014
111994,13289,2018
112029,3797,2018
141742,99426,2012
114148,7594,2018
147595,470639,2006
184647,4411,2019
117943,47040,2018
114147,3797,2018
127245,7594,2018
115648,26579,2018
132840,39200,2014
101696,13440,2018
104414,31514,2018
154172,25000,2019
114196,3797,2018
112026,7594,2018
138955,50000,2014
111996,2688,2018
116288,4200,2018
112001,30374,2018
112002,7560,2018
136614,26215,2007
136113,286150,2011
128500,11760,2018
136114,280374,2011
104416,26578,2018
134084,280383,2007
101717,7594,2018
128473,3797,2018
128479,7594,2018
125931,10077,2018
128320,3797,2018
148252,50000,2015
107163,1680,2018
114011,3360,2018
128326,3360,2018
101685,34172,2018
154231,24989,2019
104091,14700,2018
154232,25000,2019
111982,6720,2018
136794,34776,2007
114043,93971,2018
119318,8543,2018
112008,3797,2018
184653,4607,2019
107160,1520,2018
153768,25000,2019
153770,25000,2019
153671,25000,2019
128330,3360,2018
111940,4271,2018
115630,3360,2018
128329,3797,2018
115626,3923,2018
141259,471430,2011
135332,92029,2010
154140,20558,2019
115622,5880,2018
154240,25000,2019
115698,3360,2018
127183,3780,2018
101619,26578,2018
116268,1680,2018
113772,53154,2018
113762,4271,2018
129081,4746,2018
117928,3132,2018
136574,25682,2007
116260,6720,2018
101627,3322,2018
136575,29964,2007
133900,432824,2006
113787,45563,2018
153654,18288,2019
117926,3797,2018
153657,12000,2019
116244,3797,2018
153658,24688,2019
133902,470779,2006
136576,37038,2007
116238,18826,2018
128985,1680,2018
148807,671470,2015
153662,25000,2019
153687,24923,2019
106977,7752,2018
113704,3797,2018
153689,23667,2019
135438,92288,2010
138942,50000,2014
142767,225277,2009
153690,24947,2019
148091,430153,2015
104407,26578,2018
101635,3322,2018
111341,1470,2018
101614,18984,2018
128418,3797,2018
128417,3797,2018
104429,3360,2018
114090,33222,2018
141225,469387,2011
114086,34172,2018
104431,26578,2018
104435,30376,2018
104436,11390,2018
139096,1180284,2008
128457,3797,2018
111369,20160,2018
114076,15187,2018
104421,26578,2018
136616,40665,2007
114127,11391,2018
138985,33718,2014
127361,6720,2018
114118,50782,2018
118828,8544,2018
101626,26578,2018
114110,7594,2018
104891,3360,2018
154202,25000,2019
116222,15188,2018
136624,3332,2018
104403,7594,2018
111335,5696,2018
127239,49833,2018
104409,82620,2018
142241,29630,2009
149053,28477,2016
140744,41975,2011
126012,6720,2018
136272,38167,2007
136286,46371,2007
146728,497594,2007
141446,1952501,2011
136270,36625,2007
136269,36000,2007
136268,36000,2007
126017,6720,2018
136267,35558,2007
136264,34848,2007
153819,25000,2019
136979,424189,2007
153995,25000,2019
111143,13440,2018
188818,1982948,2019
136285,45503,2007
153994,24945,2019
108180,7594,2018
111183,3797,2018
107320,37968,2018
149098,33300,2016
146757,146218,2007
188817,1916261,2019
102623,15663,2018
149096,39825,2016
153848,22100,2019
104364,3797,2018
149094,64071,2016
148391,30375,2016
116730,7594,2018
108102,11391,2018
136275,31210,2007
110797,28476,2018
116677,3378,2018
149118,26799,2016
149117,26799,2016
149116,26799,2016
145993,49927,2013
139836,157505,2008
149115,30628,2016
126025,6644,2018
153997,25000,2019
139837,222299,2008
126964,6720,2018
144792,217936,2010
126971,11391,2018
138809,327056,2009
111133,9996,2018
141447,182234,2011
102713,5040,2018
153996,24918,2019
137211,88305,2007
149108,55274,2016
140213,455949,2009
136273,38655,2007
136283,42240,2007
136281,40320,2007
136279,39240,2007
136278,39237,2007
136277,32103,2007
142237,29622,2009
136274,30708,2007
146419,250000,2006
136296,94160,2007
136295,74917,2007
136250,25594,2007
136249,25344,2007
142773,40695,2009
136248,25032,2007
144779,257284,2010
144778,239388,2010
149144,42714,2016
103369,3360,2018
144568,70011,2010
103375,11391,2018
102804,22050,2018
153987,25000,2019
140848,33360,2011
185783,18743,2019
153986,25000,2019
127268,3797,2018
185787,11700,2019
148345,7530,2018
140845,25021,2011
103380,7594,2018
103417,7594,2018
126168,1388,2018
102793,15377,2018
103455,3360,2018
149222,32036,2016
140851,43157,2011
107518,5040,2018
103472,18984,2018
104264,5040,2018
136251,26037,2007
142139,25665,2009
136253,26083,2007
111007,5040,2018
136293,65164,2007
136291,58200,2007
136290,55646,2007
136258,28000,2007
143059,150145,2009
146024,33133,2013
148400,7532,2018
111151,6720,2018
149122,70940,2016
153990,24334,2019
126430,6075,2018
146885,807485,2006
126435,9792,2018
149124,30510,2016
103511,11295,2018
126437,7594,2018
140840,69429,2011
102665,6720,2018
140839,42856,2011
136257,27763,2007
164290,4778,2019
136256,27560,2007
140843,30578,2011
102658,3360,2018
136255,26880,2007
127383,1680,2018
136254,26218,2007
103362,3360,2018
104350,7594,2018
111000,7594,2018
103387,3360,2018
175252,6829,2019
152919,49000,2019
144793,402670,2010
153794,24890,2019
146429,191800,2006
149186,28476,2016
149185,71190,2016
149184,35597,2016
153795,25000,2019
136962,232673,2007
126705,5040,2018
118791,22781,2018
153796,24000,2019
126665,7594,2018
140261,533239,2009
141861,402107,2009
134927,973914,2010
149179,42714,2016
134762,235839,2007
137934,49819,2013
153797,18600,2019
142471,89652,2009
138351,49920,2013
141852,202337,2009
153822,23669,2019
141854,261406,2009
135032,131121,2010
127297,15188,2018
127485,7594,2018
103866,15188,2018
110840,13289,2018
141855,270686,2009
104124,3797,2018
152607,2346672,2019
147050,545675,2008
153833,25000,2019
153842,25000,2019
144771,285452,2010
152614,2224609,2019
104129,15188,2018
148336,50000,2015
116834,3797,2018
164566,4778,2019
126854,3360,2018
153839,24743,2019
137164,235257,2007
141864,494944,2009
135599,15062,2018
141863,476936,2009
126786,8400,2018
153970,10600,2019
127438,6720,2018
153837,23513,2019
126784,6720,2018
137165,340857,2007
141862,439336,2009
126791,5040,2018
110874,3797,2018
110899,7594,2018
148320,3766,2018
152617,804978,2019
126776,3360,2018
134128,691134,2007
153820,25000,2019
134926,973914,2010
104186,10442,2018
104134,12815,2018
134688,9844924,2010
135199,1585116,2010
104183,45563,2018
142239,29624,2009
126987,1680,2018
103504,1260,2018
127007,1680,2018
141860,342224,2009
116865,9141,2018
140000,42700,2008
149201,42714,2016
136988,233759,2007
181993,7562,2019
137215,1028474,2013
137225,1450339,2013
171146,3000,2019
127041,6720,2018
153982,16800,2019
102733,3797,2018
154005,25000,2019
144796,410329,2010
154003,24745,2019
146098,1230698,2014
154000,19242,2019
116868,6094,2018
153814,24256,2019
118258,3797,2018
126908,1680,2018
116870,3706,2018
133622,427564,2006
144794,306194,2010
116878,3797,2018
104159,11391,2018
110729,5040,2018
153959,25000,2019
102686,14713,2018
118782,18985,2018
118781,9492,2018
153969,23350,2019
103518,26578,2018
126730,8400,2018
137581,1666,2018
135721,950188,2008
141856,291643,2009
126061,3322,2018
153968,22000,2019
142265,30471,2009
189462,23500,2019
141857,303742,2009
126876,5040,2018
141464,613823,2012
150285,250035,2016
127012,26578,2018
127480,12450,2018
127021,6720,2018
103536,52396,2018
139783,50000,2008
116492,3797,2018
127031,7594,2018
103542,3360,2018
126105,11391,2018
118775,5695,2018
141858,306464,2009
153805,25000,2019
146481,200000,2006
152780,7000,2019
149213,35596,2016
128936,3360,2018
135236,97344,2010
139087,149919,2008
159867,6379904,2019
148956,64071,2016
125851,11391,2018
146750,245658,2007
129307,3047,2018
134815,53906,2007
153864,24900,2019
116961,15188,2018
148164,29735,2015
110627,3797,2018
116955,7594,2018
137160,248813,2007
179608,4778,2019
142218,28778,2009
117039,3322,2018
141445,1845061,2011
102531,86061,2018
127321,7594,2018
129246,7594,2018
147244,311629,2006
133652,250067,2006
102524,5880,2018
139571,14257108,2008
179599,4778,2019
136762,13976000,2007
140296,260207,2009
129370,7594,2018
125877,11391,2018
129368,3797,2018
141296,72557,2011
110625,8734,2018
142959,361049,2009
129293,3709,2018
110233,6720,2018
146697,150000,2007
129603,3797,2018
144882,49045,2010
149266,28350,2016
149265,32037,2016
149263,27090,2016
129597,1680,2018
102557,6664,2018
149092,28605,2016
147247,347282,2006
118410,11391,2018
129534,7594,2018
135795,73549,2011
102588,6664,2018
106876,37968,2018
108286,7594,2018
110348,3012,2018
127148,23224,2018
129572,3360,2018
118228,22924,2018
129272,15680,2018
125852,2676,2018
135780,40500,2011
141293,33900,2011
129280,11127,2018
144733,287584,2010
153856,25000,2019
135039,163661,2010
129291,3264,2018
103190,4366,2018
135859,64380,2011
110604,14238,2018
134965,74984,2010
135868,28238,2011
125809,11391,2018
132933,400104,2014
153868,24980,2019
153869,22748,2019
103111,17371,2018
156649,0,2018
138072,25013,2013
129978,11391,2018
107052,1622,2018
155866,0,2018
129967,3797,2018
117096,10080,2018
127176,3797,2018
127175,11391,2018
125812,7594,2018
117088,3360,2018
110668,3797,2018
129925,6720,2018
148793,3766,2018
129924,6720,2018
117084,1680,2018
118455,1680,2018
156640,0,2018
149055,61679,2016
135262,154189,2010
179694,4411,2019
153871,22520,2019
144579,44990,2010
117050,3797,2018
135871,74580,2011
135875,45744,2011
125876,20188,2018
103186,26880,2018
117155,50400,2018
129408,13440,2018
134816,86566,2007
110616,18984,2018
117889,6900,2018
129329,6901,2018
179763,5672,2019
118464,15188,2018
142879,92016,2009
146777,338086,2007
179758,13233,2019
118890,4366,2018
140712,2633392,2011
107147,56952,2018
117890,8626,2018
148267,50000,2015
125804,13440,2018
103214,3797,2018
179813,11028,2019
138055,41205,2013
148707,3766,2018
129949,6720,2018
129948,6720,2018
103205,18704,2018
140685,29300,2011
129947,6720,2018
110704,7594,2018
127182,3360,2018
138018,45232,2013
129453,7594,2018
135822,41448,2011
126004,6720,2018
117355,45562,2018
102771,20044,2018
136922,54175,2007
136748,29427,2007
149342,28476,2016
110386,3797,2018
126636,16200,2018
117348,9018,2018
126637,3797,2018
140021,50000,2008
136921,257844,2007
106864,6901,2018
126208,3709,2018
153903,24866,2019
140917,77490,2011
137917,98206,2013
146796,58573,2007
126134,15188,2018
142144,25840,2009
116787,7363,2018
153902,25000,2019
136727,28178,2007
126654,7594,2018
148717,491310,2015
140013,50000,2008
153925,20530,2019
126621,9967,2018
126624,3360,2018
126552,3300,2018
153906,25000,2019
126209,3710,2018
103754,15188,2018
127415,2848,2018
135232,97373,2010
149312,45000,2016
149311,30002,2016
140906,35727,2011
149310,29430,2016
136328,87360,2007
136327,78658,2007
102835,29900,2018
136326,57600,2007
153917,25000,2019
103425,5040,2018
148132,50000,2015
103436,3360,2018
149301,34681,2016
116789,17252,2018
153913,25000,2019
103439,23730,2018
126440,11087,2018
148121,50000,2015
148120,31815,2015
139088,149919,2008
141280,94500,2011
103442,3797,2018
103776,15188,2018
126217,6528,2018
103786,7504,2018
103790,6720,2018
103743,30374,2018
140908,26760,2011
137330,88305,2008
117205,6720,2018
148194,49999,2015
126485,2676,2018
153951,25000,2019
117315,7594,2018
129506,3360,2018
154223,22640,2019
103718,3797,2018
148365,3766,2018
140884,55600,2011
153847,23596,2019
136679,42271,2007
103723,3702,2018
129476,7594,2018
118726,3797,2018
138682,95583,2013
103677,7594,2018
153849,25000,2019
134764,418996,2007
135833,75000,2011
129423,1320,2018
129422,7594,2018
103678,11391,2018
129473,3360,2018
103684,3797,2018
103686,3360,2018
129467,7594,2018
135829,75000,2011
102579,13720,2018
135828,25425,2011
129458,3360,2018
148223,138320,2015
153850,25000,2019
165127,7180,2019
153896,21684,2019
110427,3360,2018
134853,1666,2018
141286,75000,2011
185819,8340,2019
141289,75001,2011
103816,3710,2018
137985,509333,2013
126536,7594,2018
148201,50000,2015
102431,18984,2018
135225,99817,2010
102482,30122,2018
148355,7532,2018
126128,18983,2018
126124,7594,2018
141851,198951,2009
103809,33222,2018
103661,3360,2018
103664,6720,2018
144693,257650,2010
110449,4493,2018
126120,19932,2018
161585,6829,2019
140875,50045,2011
148360,3766,2018
153936,18267,2019
103618,10290,2018
165104,4411,2019
141850,412603,2009
103621,15806,2018
138352,1474351,2013
116746,7594,2018
133786,443378,2006
144526,600000,2010
140981,37527,2011
119243,8859,2018
118083,7594,2018
136058,49249,2011
109858,18985,2018
142354,37074,2009
190235,0,2019
142110,25181,2009
124506,3264,2018
124502,3797,2018
124501,3036,2018
124511,7594,2018
119071,3797,2018
104966,7594,2018
118063,10916,2018
130880,1680,2018
118596,31325,2018
128086,43853,2018
124218,3797,2018
127883,1680,2018
190234,0,2019
157336,0,2018
130902,5040,2018
124199,15187,2018
146726,811635,2007
144865,792000,2010
187428,3486,2019
117594,18985,2018
152576,359864433,2018
159326,21098586,2018
157332,0,2018
127874,41767,2018
190265,0,2019
145738,77130,2012
118079,15188,2018
118612,6720,2018
135220,79898,2010
127941,7594,2018
124485,11391,2018
138405,488563,2013
132787,148900,2014
124473,6170,2018
132835,39560,2014
130803,30376,2018
124521,7594,2018
145746,3415555,2012
118072,7594,2018
145744,608365,2012
153114,2786696,2019
139723,30000,2008
147037,140251,2008
135697,49726,2010
132788,237634,2014
140274,100000,2009
142764,231037,2010
148334,2805406,2015
190239,0,2019
130941,6720,2018
124510,6720,2018
145742,59584,2012
144863,106637,2010
190238,0,2019
135935,59893,2011
135053,340223,2010
104986,26578,2018
147040,555585,2008
135509,86177,2010
145976,79130,2013
133072,40950,2015
147740,35796,2015
114476,11390,2018
147554,299824,2006
147737,37026,2015
142080,67752,2009
130549,30375,2018
137529,81620,2008
114482,29426,2018
130590,4998,2018
124317,3797,2018
147764,55787,2015
128051,45562,2018
147714,174102,2015
153363,135000,2019
114569,3797,2018
157224,0,2018
137977,427032,2013
124338,13440,2018
132589,27720,2014
130726,7594,2018
157270,0,2018
130721,3797,2018
124304,7198,2018
132042,5040,2018
145881,95897,2012
148741,489090,2015
109927,6720,2018
152582,0,2018
146061,1659103,2014
130679,3360,2018
130732,7594,2018
130809,7594,2018
128075,3797,2018
147744,26650,2015
153626,42531127,2019
124220,7594,2018
124229,37969,2018
137817,39000,2013
135303,224222,2010
147509,256997,2006
124223,17085,2018
137880,998009,2013
152487,64755,2018
134641,666704,2007
153367,249271,2019
124155,1680,2018
157243,0,2018
145816,496355,2012
159301,1498370,2018
135196,50000,2010
128025,3797,2018
134716,167790,2007
124146,37968,2018
134718,253322,2007
147759,47044,2015
118625,3797,2018
130605,10080,2018
171009,6829,2019
124179,11391,2018
159300,326000,2019
153365,82500,2018
130643,15187,2018
132753,478391,2014
141729,414292,2012
134715,454735,2007
109934,3797,2018
124492,11390,2018
190264,0,2019
127754,34172,2018
123846,3797,2018
123844,26576,2018
127750,15188,2018
127982,13288,2018
138473,130656,2013
147991,32813,2015
138474,287914,2013
138475,287865,2013
127980,11391,2018
144860,941655,2010
147984,25730,2015
108635,7594,2018
157114,0,2018
147983,48104,2015
139721,811772,2008
147982,30230,2015
147980,30716,2015
147977,77121,2015
146911,100000,2006
142200,27805,2009
146389,143878,2007
145815,496536,2012
145756,75000,2012
124417,1680,2018
148430,6300,2018
148434,39960,2016
147968,77440,2015
189404,100000,2019
127757,7594,2018
123850,40320,2018
133274,261164,2009
147939,50000,2015
123913,3797,2018
133214,1489392,2015
127732,26578,2018
141883,84571,2009
130198,3797,2018
139738,725726,2008
182665,27883,2019
115342,5853,2018
123826,7594,2018
147125,592044,2008
135731,100000,2010
135206,31200,2010
137148,98764,2008
152453,1577872,2018
128020,15187,2018
123819,3451,2018
143168,29994,2009
137660,50000,2013
147954,49720,2015
147953,25854,2015
152452,1288746,2018
123818,3797,2018
135036,605117,2010
146966,62760,2007
123814,3360,2018
108672,3360,2018
146541,68080,2006
145798,464037,2012
123861,11391,2018
127734,13440,2018
147957,31094,2015
145913,73565,2013
148038,353091,2015
150201,179901,2016
157147,0,2018
150293,169332,2016
137802,294361,2013
127747,8543,2018
134889,200000,2010
134892,160000,2010
108702,15188,2018
147036,497102,2008
108704,7594,2018
108705,3797,2018
101092,13440,2018
127745,7594,2018
130869,3797,2018
138532,496736,2013
146716,97390,2007
109830,7594,2018
124531,3797,2018
124530,2676,2018
124553,5040,2018
119016,5040,2018
104815,2940,2018
141888,464437,2009
130787,2520,2018
127737,45562,2018
109824,22781,2018
127922,3797,2018
163943,1941,2019
127735,26578,2018
130794,8732,2018
127746,7594,2018
141889,474605,2009
104894,3360,2018
124395,4430,2018
108724,7594,2018
150200,144705,2016
130218,20173,2018
146203,148935,2006
147297,183972,2006
108690,7594,2018
108692,26578,2018
108725,11391,2018
134207,50000,2007
124445,2676,2018
142855,1824700,2009
138543,42371,2013
106929,3797,2018
119047,3797,2018
137750,33895,2013
137364,85617,2008
106512,3797,2018
145973,83900,2013
141589,88099,2011
130239,2848,2018
152880,9402,2019
146601,434017,2007
108743,1680,2018
127938,7594,2018
119054,18985,2018
130542,3101,2018
124406,6644,2018
141588,348396,2011
157149,0,2018
124400,3360,2018
157148,0,2018
146588,601397,2007
157260,0,2018
130674,3360,2018
124261,2848,2018
114779,4271,2018
131964,3797,2018
131965,3360,2018
131969,1520,2018
137115,325062,2007
121160,3797,2018
114822,13764,2018
121163,5040,2018
132514,26020,2014
106510,3797,2018
132515,67107,2014
114819,11391,2018
123237,3433,2018
114817,15188,2018
142417,50890,2009
132522,45538,2014
139648,46008,2008
134901,152680,2010
132527,33359,2014
132531,27048,2014
132482,32132,2014
140148,89798,2008
132486,43659,2014
132487,28341,2014
150311,158080,2016
109388,21887,2018
101082,3136,2018
142389,42855,2009
121213,3797,2018
131972,6901,2018
117619,3797,2018
123240,18985,2018
131954,3150,2018
131927,7594,2018
142403,45905,2009
118113,7594,2018
118184,11391,2018
156879,0,2018
150930,3360,2018
152395,2882,2018
115091,15188,2018
150929,7594,2018
150926,7594,2018
131899,15120,2018
131902,20160,2018
133028,50000,2015
121816,1680,2018
134182,364376,2007
123257,5040,2018
156905,0,2018
131903,3797,2018
189464,4400,2019
115139,15187,2018
109478,1680,2018
145855,97241,2012
123252,17086,2018
131994,8400,2018
150398,487547,2016
131997,3797,2018
121786,4366,2018
155781,0,2018
147304,97338,2006
131948,8400,2018
131908,1680,2018
121243,3797,2018
134166,450724,2007
114754,7562,2018
121074,7168,2018
104895,3797,2018
106399,37969,2018
152335,3294,2018
123203,30374,2018
132583,31172,2014
101218,26578,2018
157018,0,2018
150411,498575,2016
147683,125475,2015
136768,320762,2007
144422,7532,2018
106360,22782,2018
143124,995234,2009
114889,10080,2018
132555,25666,2014
109656,8543,2018
117734,3360,2018
101308,11391,2018
147687,482462,2015
109661,3360,2018
123197,3797,2018
132414,26752,2014
150404,527040,2016
144446,6664,2018
123190,47935,2018
121128,22590,2018
123184,3450,2018
156211,0,2018
139735,200000,2008
132418,34677,2014
150888,3360,2018
137304,300280,2008
109414,11391,2018
135919,39890,2011
156217,0,2018
134334,80866,2007
121259,6720,2018
109408,3360,2018
121263,3360,2018
147688,491508,2015
156999,0,2018
110228,11391,2018
114914,7594,2018
121218,13440,2018
132821,54000,2014
127810,7594,2018
139851,127587,2008
101261,20160,2018
114902,8542,2018
140656,69573,2011
132564,26164,2014
132565,29983,2014
142033,1217448,2009
121093,8400,2018
114928,11391,2018
137103,490498,2007
121105,11390,2018
157009,0,2018
132568,25507,2014
109438,94856,2018
144463,3332,2018
132135,399302,2017
128287,3797,2018
140657,64975,2011
139924,150838,2008
133519,463847,2006
121795,2100,2018
132472,26111,2014
121689,23520,2018
114300,7594,2018
153081,4192,2019
153817,25000,2019
121680,3797,2018
134711,291860,2007
145928,244180,2012
145927,34839,2012
110034,11391,2018
140122,38306,2008
121700,18984,2018
142085,1704933,2009
145496,42572,2010
145930,93732,2012
132024,3360,2018
101019,3654,2018
135928,38613,2011
137022,59781,2007
140123,78445,2008
132088,76442,2018
132089,22780,2018
138436,93111,2013
114254,3797,2018
132092,11391,2018
121672,3797,2018
132095,3797,2018
101026,13440,2018
145918,55361,2012
114324,11391,2018
121653,7594,2018
121525,7594,2018
114305,7594,2018
139468,42681,2008
132005,21840,2018
130662,19933,2018
101297,8734,2018
139701,77332,2008
130657,15187,2018
147733,44220,2015
130708,3797,2018
130701,5040,2018
157253,0,2018
124293,3360,2018
132013,3797,2018
140590,250000,2011
138074,38226,2013
121631,5743,2018
144839,703900,2010
121634,7309,2018
121641,5040,2018
132255,61913,2006
139923,145543,2008
134720,7511014,2007
135195,592613,2010
142488,147294,2009
114271,2730,2018
109974,6720,2018
124278,7594,2018
133503,457035,2006
123116,13720,2018
114315,3797,2018
123113,33222,2018
121683,3360,2018
121636,3797,2018
123878,3797,2018
140124,80879,2008
132060,3797,2018
137222,98749,2008
137345,463443,2008
121878,3132,2018
150916,1680,2018
132071,1680,2018
121890,6902,2018
114998,10080,2018
150914,5040,2018
150912,18480,2018
123214,22590,2018
101041,30240,2018
145847,342529,2012
150908,5040,2018
121741,1680,2018
121923,7594,2018
121746,10080,2018
145873,481463,2012
150901,5040,2018
127900,11391,2018
150898,11391,2018
115153,3797,2018
121759,3132,2018
139925,180668,2008
121737,45561,2018
121763,5040,2018
141667,99841,2012
150893,7594,2018
150892,10752,2018
115184,10409,2018
121805,11760,2018
153084,5000,2019
121486,11391,2018
152471,887155,2018
132081,6720,2018
145917,1495873,2012
121490,7594,2018
123057,49738,2018
145916,746357,2012
132062,4998,2018
132063,26578,2018
140125,88065,2008
145921,43730,2012
132064,15188,2018
145876,427351,2012
121540,22781,2018
123040,7594,2018
121545,7594,2018
118181,53155,2018
123151,11391,2018
114336,15120,2018
123080,18984,2018
121853,16373,2018
121847,2848,2018
121825,3360,2018
121827,13440,2018
115026,3797,2018
145827,457775,2012
106622,11391,2018
121917,15187,2018
132075,1680,2018
101028,16168,2018
132079,3797,2018
141666,494229,2012
134273,316652,2007
145834,96753,2012
123884,11391,2018
147956,29832,2015
123886,10080,2018
113146,13440,2018
154038,25000,2019
146520,798138,2006
146129,824237,2006
146718,817073,2007
147326,246908,2006
113140,15187,2018
131026,15188,2018
147325,198817,2006
108885,3797,2018
139034,891682,2014
108888,7594,2018
132799,15000000,2014
142483,90346,2009
147327,429587,2006
113174,3797,2018
132800,150000,2014
113166,22781,2018
147028,527763,2008
154041,25000,2019
131210,11391,2018
127784,18984,2018
113066,11390,2018
102161,66640,2018
133433,148792,2006
189371,100000,2019
133101,50000,2015
113117,1680,2018
146502,190000,2006
113109,1680,2018
142484,91041,2009
147293,1937794,2006
133252,50000,2015
146685,737644,2007
131093,7594,2018
108032,5040,2018
141355,427241,2011
135505,1491840,2010
108928,7594,2018
102188,30374,2018
135082,237972,2010
144643,95159,2010
108918,3360,2018
131077,10080,2018
131046,3797,2018
131015,4271,2018
131014,39236,2018
131013,3360,2018
154037,25000,2019
126222,3709,2018
108935,1680,2018
135512,55024,2010
135662,39251,2011
106997,64546,2018
135515,48178,2010
135516,84385,2010
112988,6720,2018
138051,7047884,2013
105091,4984,2018
133251,50000,2015
154115,24350,2019
137681,4305927,2013
141018,92366,2011
142482,74985,2009
119621,2848,2018
189378,16899,2019
138803,489795,2013
136423,36784,2007
144990,167946,2010
146538,437000,2006
112898,11391,2018
112897,11390,2018
141028,74125,2011
154010,25000,2019
112882,6720,2018
131690,3797,2018
131706,3451,2018
146684,462397,2007
131713,22781,2018
131711,6720,2018
141025,45453,2011
131707,22781,2018
131765,13440,2018
112922,8543,2018
142231,29200,2009
133479,191381,2006
131695,11391,2018
109279,7840,2018
102251,1680,2018
131847,22781,2018
112907,15504,2018
109358,15188,2018
131856,17086,2018
112836,7594,2018
131852,21504,2018
131848,3451,2018
131844,22781,2018
131843,3132,2018
133115,50000,2015
127783,3797,2018
146992,822629,2008
154033,19235,2019
106263,8064,2018
135430,84392,2010
142838,588049,2009
135415,73391,2010
148051,191445,2015
147033,804355,2008
112771,11390,2018
119418,3450,2018
131110,7594,2018
112760,6720,2018
146713,462397,2007
148303,150150,2015
108974,33886,2018
131148,15188,2018
112692,4746,2018
154059,24955,2019
107990,23256,2018
127778,18984,2018
108949,13440,2018
182761,3984,2019
128148,22782,2018
107974,14713,2018
112782,3797,2018
131736,3797,2018
131730,11391,2018
112743,15187,2018
131726,11391,2018
131724,15188,2018
127768,7594,2018
153292,4016631,2019
156596,0,2018
138333,994110,2013
142094,148357,2009
191521,3415,2019
126379,11074,2018
128891,4366,2018
130092,3797,2018
180026,3591,2019
136316,30213,2007
127324,1680,2018
112427,8306,2018
146514,82479,2014
112258,15188,2018
147638,144552,2006
148055,1749112,2015
144504,120000,2010
104881,7594,2018
131274,3797,2018
146509,100000,2014
137679,33072,2013
131314,5040,2018
137678,43505,2013
111508,37968,2018
112276,40320,2018
137685,50000,2013
137687,50000,2013
118146,7594,2018
116201,18985,2018
119132,49359,2018
116199,3797,2018
104870,4983,2018
111510,11391,2018
104869,18985,2018
154192,23300,2019
117920,18984,2018
147639,310818,2006
128897,10351,2018
128908,1680,2018
179839,3324,2019
153704,25000,2019
115992,7594,2018
154184,24700,2019
137736,50000,2013
117917,3797,2018
144524,124080,2010
145039,253843,2010
147590,471454,2006
126377,3797,2018
144523,70000,2010
101447,18985,2018
101159,7594,2018
140988,54658,2011
112606,4746,2018
144522,598170,2010
185255,0,2019
137746,50000,2013
133895,144490,2006
111640,3101,2018
115996,13440,2018
179825,11973,2019
128873,7594,2018
144517,515797,2010
153710,20534,2019
112558,23912,2018
133868,149990,2006
119223,18747,2018
106110,7594,2018
128888,11390,2018
144521,374403,2010
131230,11391,2018
101535,3360,2018
104867,3797,2018
112328,13440,2018
147308,368364,2006
144544,238866,2010
142169,26600,2009
135440,93346,2010
112305,7594,2018
144543,599151,2010
156503,0,2018
133211,44988,2015
133412,360395,2006
133411,221902,2006
133885,434835,2006
112344,1680,2018
131381,3797,2018
116122,3797,2018
135441,93346,2010
131371,20160,2018
145021,135079,2010
113018,21515,2018
144542,399294,2010
146640,340623,2007
136772,31506,2007
131061,1680,2018
148849,238991,2016
126362,3036,2018
133155,26991,2015
148851,154039,2016
118491,3797,2018
141354,1520681,2011
131089,5695,2018
155547,7372,2019
145022,137135,2010
109030,6720,2018
154195,25000,2019
140192,561456,2008
179958,12284,2019
111529,22782,2018
117923,7594,2018
145027,317132,2010
146639,77702,2007
131258,21516,2018
112216,3360,2018
140178,98429,2008
131248,3797,2018
131247,4271,2018
115450,1680,2018
131400,6300,2018
131393,1680,2018
112398,7530,2018
154194,18670,2019
112417,7530,2018
112400,3765,2018
133202,50000,2015
131425,11760,2018
131428,10080,2018
146686,3766,2018
131432,3360,2018
191292,3841,2019
135506,1491819,2010
131435,1680,2018
118495,2848,2018
112410,7530,2018
109069,2946,2018
146660,145371,2007
144549,598941,2010
134285,29800,2007
146801,57308608,2007
112920,3797,2018
133143,44200,2015
154067,25000,2019
147562,281283,2006
115240,3797,2018
100746,3322,2018
124129,37969,2018
130333,3322,2018
136120,97871,2010
124082,3360,2018
130328,1680,2018
115263,3360,2018
124048,17718,2018
138959,98231,2008
127761,7594,2018
124039,69291,2018
107561,3360,2018
132645,46364,2014
138964,499719,2008
147830,27198,2015
124033,20160,2018
132647,26949,2014
127731,3360,2018
147855,66725,2015
130354,3360,2018
137094,353120,2007
138974,499719,2008
154072,4800,2019
154073,25000,2019
127716,6720,2018
123767,7594,2018
147824,29701,2015
130501,15187,2018
147829,43654,2015
130414,7594,2018
141374,3332,2018
154110,25000,2019
144930,92468,2010
147561,498695,2006
147925,31680,2015
165860,3178,2019
135892,119850,2011
127792,11391,2018
135895,75000,2011
127789,18985,2018
131600,14751,2018
118656,3797,2018
141317,147880,2011
131592,5040,2018
131585,1680,2018
130990,6720,2018
123970,3797,2018
139487,451619,2008
136119,96132,2010
115278,1680,2018
132601,31967,2014
147909,25507,2015
147907,32813,2015
123946,13440,2018
130403,7594,2018
188897,3462106,2019
135287,243312,2010
139056,180868,2008
147863,51315,2015
154088,25000,2019
127913,26578,2018
123764,3797,2018
146571,106760,2006
145764,1199283,2012
132672,43070,2014
153103,1967558,2019
107765,15187,2018
148016,35798,2015
145762,39780,2012
123725,5175,2018
132652,29898,2014
148013,41616,2015
123724,3797,2018
141687,3766,2018
142204,27932,2009
137093,195779,2007
108774,3797,2018
130464,30375,2018
130463,22781,2018
145814,490907,2012
115374,15188,2018
130318,26579,2018
130175,19992,2018
123751,40320,2018
133523,43083,2006
137082,29562,2007
118686,7530,2018
130170,9587,2018
148425,11298,2018
118925,3797,2018
123741,3797,2018
154076,11000,2019
142207,28142,2009
123763,4745,2018
166109,4778,2019
118688,26880,2018
166079,8190,2019
140428,500196,2009
108486,3360,2018
127713,11297,2018
132685,44971,2014
132675,39155,2014
188936,451802,2019
138490,442280,2013
166034,7372,2019
154224,23475,2019
136895,421837,2007
157209,0,2018
140440,379421,2009
128243,3797,2018
123794,3797,2018
148415,22593,2018
166139,4778,2019
166143,1941,2019
130521,39234,2018
130518,8859,2018
148025,26400,2015
150220,1780426,2016
159463,4778,2019
137183,449841,2007
142153,25935,2009
135043,345668,2010
127712,45562,2018
132646,39179,2014
166101,4778,2019
153107,510811,2019
131568,27369,2018
154113,4895,2019
146094,490303,2014
131815,6720,2018
146942,47915,2006
131807,6720,2018
107622,3797,2018
131510,26880,2018
136045,250714,2011
146724,3332,2018
146043,486509,2014
154030,21000,2019
131504,7418,2018
150185,177840,2016
135300,413536,2010
135923,39936,2011
134582,94517,2008
165950,4778,2019
102066,3797,2018
142485,91041,2009
142864,655372,2009
154092,25000,2019
102073,30375,2018
146093,411997,2014
144475,50000,2010
128166,3360,2018
128164,19647,2018
131452,3360,2018
138454,365232,2013
189363,80842,2019
131447,3360,2018
131446,3797,2018
132620,26252,2014
133140,32500,2015
131824,22781,2018
127763,9366,2018
133138,49615,2015
154016,24996,2019
154018,24988,2019
154021,25000,2019
128183,3332,2018
101925,3360,2018
112817,19740,2018
147286,852375,2006
133482,293308,2006
133326,470510,2015
139095,180868,2008
109385,3797,2018
133327,398212,2015
131832,22781,2018
131778,16610,2018
131797,11391,2018
141457,59586,2011
107634,3797,2018
154028,25000,2019
144933,415500,2010
131830,5040,2018
133254,399462,2015
144491,622904,2010
141583,38556,2012
141608,99993,2012
132943,177865,2014
165933,7756,2019
132129,100000,2017
114199,11391,2018
136490,30590,2007
107626,3360,2018
128174,42242,2018
131781,3360,2018
132622,29150,2014
153844,25000,2019
108546,7594,2018
165893,4778,2019
147869,32967,2015
132632,78760,2014
146086,425151,2014
135040,213337,2010
132829,96250,2014
117671,1470,2018
135849,413742,2009
131608,8694,2018
147867,33310,2015
156546,0,2018
132619,57426,2014
102014,37968,2018
147695,414968,2015
154108,25000,2019
145038,255471,2010
131626,10080,2018
141380,3332,2018
132639,76215,2014
189398,38848,2019
188914,585873,2019
188902,498313,2019
141751,972267,2012
119133,29900,2018
138528,174832,2013
165839,6155,2019
132623,31729,2014
138724,1457102,2013
144932,1503228,2010
127793,15188,2018
133334,405673,2015
135309,211554,2010
136615,31138,2007
98783,37102,2017
98559,29994,2017
97849,50000,2017
97799,50000,2017
98646,38646,2017
98535,37874,2017
98762,36936,2017
97756,309307,2016
98772,62233,2017
97773,49620,2017
98519,32984,2017
98731,35017,2017
98802,27054,2017
99522,335992,2017
98804,28728,2017
98009,32000,2017
98010,50000,2017
100136,288421,2018
98640,27777,2017
98123,5365460,2017
97931,50000,2017
97932,50000,2017
98790,55682,2017
98730,37102,2017
97762,336230,2016
98813,35941,2017
98031,25679,2017
100146,150000,2018
98644,38304,2017
98625,34668,2017
99568,1838218,2017
98603,29306,2017
99524,271685,2017
98570,35551,2017
98739,37102,2017
99525,364013,2017
99567,167517,2017
98740,37102,2017
97909,50000,2017
98741,58744,2017
99801,1561313,2017
98927,37878,2017
98914,40195,2017
97974,50000,2017
98567,27827,2017
97947,28499,2017
98602,27053,2017
98473,31998,2017
98782,39418,2017
99527,209511,2017
98510,32472,2017
97887,29604,2017
98928,35021,2017
98479,30918,2017
98629,27053,2017
98754,30917,2017
98198,360609,2017
98691,27825,2017
97874,40000,2017
98947,33550,2017
97855,50000,2017
98721,44521,2017
99800,2788448,2017
98052,42965,2017
98656,55650,2017
99571,396896,2017
98030,50000,2017
98929,29549,2017
98654,27360,2017
99468,7991944,2017
97629,124800,2016
98616,28856,2017
98965,76524,2017
99477,8693550,2017
98780,37103,2017
97797,46300,2017
97711,406848,2016
99075,30609,2017
98259,35170,2017
99085,28600,2017
98256,27824,2017
99070,61834,2017
98255,37103,2017
98251,58748,2017
99404,51400,2017
99405,25001,2017
98246,32832,2017
98258,32465,2017
99102,26383,2017
99374,39421,2017
99382,41687,2017
99423,31948,2017
99595,28728,2017
100039,29190,2018
99450,37099,2017
99451,41738,2017
99274,29757,2017
99277,30606,2017
99264,25764,2017
99291,95997,2017
98056,160065,2017
99372,38521,2017
99293,49737,2017
99001,27055,2017
98985,41223,2017
99154,41584,2017
99128,45564,2017
99215,29682,2017
98301,41675,2017
99212,27055,2017
99200,36521,2017
99944,38431,2018
99221,62864,2017
99201,32467,2017
99786,412321,2017
99183,25122,2017
99925,50000,2018
99173,49469,2017
99182,33159,2017
99196,32464,2017
99455,104114,2017
99454,163800,2017
98270,42512,2017
98269,41352,2017
98262,35168,2017
99032,41736,2017
98980,27826,2017
98260,32464,2017
98981,28728,2017
99180,30918,2017
99357,41382,2017
100059,50000,2018
100061,32400,2018
99773,3364000,2017
97713,110398,2016
99863,30500,2018
97720,1153746,2016
97721,5380930,2016
99551,384529,2017
99550,420612,2017
99718,1500000,2017
99547,307475,2017
99720,30000,2017
99545,375202,2017
100168,2057025,2018
97633,79132,2016
99771,55000,2017
97764,1000000,2017
98041,691596,2017
99768,489209,2017
99558,1735000,2017
98140,4710282,2017
98206,524945,2017
100150,498761,2018
98152,2039935,2017
100117,50000,2018
100119,50000,2018
99546,1000000,2017
100169,2624052,2018
99629,1973697,2017
99845,50000,2018
100062,50000,2018
99262,42518,2017
99253,27825,2017
99294,27826,2017
99295,26251,2017
99296,42050,2017
99614,2328333,2017
99959,49778,2018
99332,41739,2017
99337,61839,2017
99965,26974,2018
99298,41688,2017
99299,40967,2017
97671,541359,2016
98163,179881,2017
99503,40000,2017
100191,250000,2018
98061,218400,2017
98084,3873997,2017
98097,7502602,2017
99683,2374458,2017
99674,2336879,2017
99842,33050,2018
100226,110655,2018
97644,1358011,2016
99136,91206,2017
99150,38261,2017
99292,31742,2017
98424,32155,2017
98341,27825,2017
98386,37873,2017
98426,42255,2017
98440,37101,2017
98379,40194,2017
98340,30043,2017
100188,1249201,2018
100187,820302,2018
99587,194006,2017
99794,100000,2017
98352,41610,2017
98328,58748,2017
98331,37103,2017
98339,48029,2017
97650,151457,2016
99509,321505,2017
99729,246024,2017
98349,48788,2017
98449,42665,2017
99520,140016,2017
98380,37874,2017
99559,114428,2017
99795,1120147,2017
98430,68019,2017
100131,401188,2018
99589,431211,2017
98431,32463,2017
98461,41737,2017
98443,27055,2017
98433,28484,2017
98348,31887,2017
98383,49528,2017
99807,1794438,2017
98448,31072,2017